make,price,mileage,gear,fuel,hp
"BMW 118 
i 1.Hand DigiCockpit Sitzheizung Spurhalteass","€ 24,400.-","21,800 km",Manual,Gasoline,100 kW (136 hp)
"BMW 118 
i Advantage DAB Tempomat PDC","€ 20,890.-","11,611 km",Manual,Gasoline,103 kW (140 hp)
"BMW 118 
i ADVANTAGE WLAN NAVI GRA SHZ PDC ALU","€ 21,490.-","27,109 km",Manual,Gasoline,103 kW (140 hp)
"BMW 116 
i Live Cockpit Navi LED AHK LM","€ 23,780.-","8,800 km",Manual,Gasoline,80 kW (109 hp)
"BMW 118 
i Advantage Navi PDC Wireless Charging","€ 20,990.-","17,760 km",Manual,Gasoline,103 kW (140 hp)
"BMW 116 
i Hatch Advantage DAB LED Tempomat Shz PDC","€ 22,990.-","23,559 km",Manual,Gasoline,80 kW (109 hp)
"BMW 116 
i Hatch Advantage DAB LED Tempomat Shz PDC","€ 19,990.-","28,806 km",Manual,Gasoline,80 kW (109 hp)
"BMW 116 
i Hatch Advantage DAB LED Tempomat Shz PDC","€ 22,490.-","19,851 km",Manual,Gasoline,80 kW (109 hp)
"BMW 118 
i Advantage Navi Bluetooth PDC MP3 Schn. Klim","€ 19,920.-","28,430 km",Manual,Gasoline,103 kW (140 hp)
"BMW 116 
i Hatch Advantage DAB LED Tempomat Shz PDC","€ 20,990.-","14,477 km",Manual,Gasoline,80 kW (109 hp)
"BMW 116 
i Hatch DAB Shz PDC","€ 21,990.-","15,044 km",Manual,Gasoline,80 kW (109 hp)
"BMW 116 
116i Advantage LED Klima SitzH PDC v+h Allwetter","€ 17,450.-","16,500 km",Manual,Gasoline,80 kW (109 hp)
"BMW 116 
i Advantage Lim. LED Navi DAB W+S","€ 24,900.-","7,800 km",Manual,Gasoline,80 kW (109 hp)
"BMW 116 
Baureihe 1 Lim. 116 i Advantage","€ 21,900.-","21,800 km",Manual,Gasoline,80 kW (109 hp)
"BMW 116 
Baureihe 1 Lim wenig km TOP Zustand","€ 14,999.-","10,800 km",Manual,Gasoline,80 kW (109 hp)
"BMW 118 
118i ADVANTAGE LEDER NAVI GSD PDC ALU SHZ 1.HAND","€ 18,989.-","20,800 km",Manual,Gasoline,100 kW (136 hp)
"BMW 118 
i 5-Türer *FACELIFT*LED*NAVI* BESTELLAKTION*","€ 26,670.-",0 km,Manual,Gasoline,100 kW (136 hp)
"BMW 116 
i LED+Navi-LiveC-Prof+AHK+Sitzh+DAB+PDC","€ 29,500.-",1 km,Manual,Gasoline,80 kW (109 hp)
"BMW 118 
i *SUMMER-BOOST* NAVI. LED. PDC.","€ 26,679.-",6 km,Manual,Gasoline,100 kW (136 hp)
"BMW 118 
i Advantage DAB LED WLAN Tempomat Klimaaut.","€ 29,250.-",0 km,Manual,Gasoline,100 kW (136 hp)
"BMW 118 
i Advantage / LED / PDC /","€ 26,666.-",0 km,Manual,Gasoline,100 kW (136 hp)
"BMW 118 
i Advantage KLIMA PDC SHZ NAVI W-LAN LED","€ 27,190.-",10 km,Manual,Gasoline,100 kW (136 hp)
"BMW 118 
i Advantage KLIMA PDC SHZ NAVI W-LAN LED","€ 27,190.-",10 km,Manual,Gasoline,100 kW (136 hp)
"BMW 118 
i Advantage KLIMA PDC SHZ NAVI W-LAN LED","€ 27,190.-",10 km,Manual,Gasoline,100 kW (136 hp)
"BMW 118 
i Advantage KLIMA PDC SHZ NAVI W-LAN LED","€ 27,190.-",10 km,Manual,Gasoline,100 kW (136 hp)
"BMW 118 
i Advantage KLIMA PDC SHZ NAVI W-LAN LED","€ 27,190.-",10 km,Manual,Gasoline,100 kW (136 hp)
"BMW 118 
i Advantage KLIMA PDC SHZ NAVI W-LAN LED","€ 27,190.-",10 km,Manual,Gasoline,100 kW (136 hp)
"BMW 118 
i Advantage KLIMA PDC SHZ NAVI W-LAN LED","€ 27,190.-",10 km,Manual,Gasoline,100 kW (136 hp)
"BMW 118 
i Advantage KLIMA PDC SHZ NAVI W-LAN LED","€ 27,190.-",10 km,Manual,Gasoline,100 kW (136 hp)
"BMW 118 
i Advantage KLIMA PDC SHZ NAVI W-LAN LED","€ 27,190.-",10 km,Manual,Gasoline,100 kW (136 hp)
"BMW 118 
i Advantage KLIMA PDC SHZ NAVI W-LAN LED","€ 27,190.-",10 km,Manual,Gasoline,100 kW (136 hp)
"BMW 118 
i Advantage KLIMA PDC SHZ NAVI W-LAN LED","€ 27,190.-",10 km,Manual,Gasoline,100 kW (136 hp)
"BMW 118 
i Advantage KLIMA PDC SHZ NAVI W-LAN LED","€ 27,190.-",10 km,Manual,Gasoline,100 kW (136 hp)
"BMW 118 
i Advantage KLIMA PDC SHZ NAVI W-LAN LED","€ 27,190.-",10 km,Manual,Gasoline,100 kW (136 hp)
"BMW 118 
i Advantage KLIMA PDC SHZ NAVI W-LAN LED","€ 27,190.-",10 km,Manual,Gasoline,100 kW (136 hp)
"BMW 118 
i Advantage KLIMA PDC SHZ NAVI W-LAN LED","€ 27,190.-",10 km,Manual,Gasoline,100 kW (136 hp)
"BMW 118 
i Advantage KLIMA PDC SHZ NAVI W-LAN LED","€ 27,190.-",10 km,Manual,Gasoline,100 kW (136 hp)
"BMW 118 
i Advantage KLIMA PDC SHZ NAVI W-LAN LED","€ 27,190.-",10 km,Manual,Gasoline,100 kW (136 hp)
"BMW 118 
i Advantage KLIMA PDC SHZ NAVI W-LAN LED","€ 27,190.-",10 km,Manual,Gasoline,100 kW (136 hp)
"BMW 118 
i Advantage KLIMA PDC SHZ NAVI W-LAN LED","€ 27,190.-",10 km,Manual,Gasoline,100 kW (136 hp)
"BMW 118 
i *PDC*Tempomat*kurzfr.verfügbar*DAB*","€ 26,950.-",0 km,Manual,Gasoline,100 kW (136 hp)
"BMW 118 
i *AKTION AUGUST - OHNE ANZAHLUNG*","€ 27,149.-",0 km,Manual,Gasoline,100 kW (136 hp)
"BMW 118 
i Advantage KLIMA PDC SHZ NAVI W-LAN LED","€ 27,190.-",10 km,Manual,Gasoline,100 kW (136 hp)
"BMW 118 
i Advantage KLIMA PDC SHZ NAVI W-LAN LED","€ 27,190.-",10 km,Manual,Gasoline,100 kW (136 hp)
"BMW 118 
i Advantage KLIMA PDC SHZ NAVI W-LAN LED","€ 27,190.-",10 km,Manual,Gasoline,100 kW (136 hp)
"BMW 118 
i Advantage KLIMA PDC SHZ NAVI W-LAN LED","€ 27,190.-",10 km,Manual,Gasoline,100 kW (136 hp)
"BMW 116 
i (DAB WLAN Klima SHZ PDC)","€ 28,420.-",0 km,Manual,Gasoline,80 kW (109 hp)
"BMW 116 
i (DAB WLAN Klima SHZ PDC)","€ 28,420.-",0 km,Manual,Gasoline,80 kW (109 hp)
"BMW 118 
Advantage Navi 16 LMR SZH LED PDC Tempomat","€ 29,850.-","3,000 km",Manual,Gasoline,100 kW (136 hp)
"BMW 116 
i Bestellaktion inkl. 18'' Räder","€ 24,900.-",0 km,Manual,Gasoline,80 kW (109 hp)
"BMW 116 
i DAB WLAN Klimaautomatik, Sitzheizung, Multifun","€ 27,970.-","6,330 km",Manual,Gasoline,80 kW (109 hp)
"BMW 116 
i DAB WLAN Klimaautomatik, Sitzheizung, Navigati","€ 27,970.-","2,676 km",Manual,Gasoline,80 kW (109 hp)
"BMW 118 
i Sport Line 17'' LED NAVI LCP PDC SHZ KoZg DAB TE","€ 25,990.-","6,120 km",Manual,Gasoline,100 kW (136 hp)
"BMW 118 
i Navi LED DAB Advantage WLAN Tempomat Shz","€ 27,498.-","12,519 km",Manual,Gasoline,100 kW (136 hp)
"BMW 116 
116i Sport Line M Sport+KOM+NAV+LED+TEMP+Sitz+PDC","€ 29,500.-",100 km,Manual,Gasoline,80 kW (109 hp)
"BMW 118 
i Sport Line,Navi,LED,Komfortz. NP41000€","€ 26,300.-","14,400 km",Manual,Gasoline,100 kW (136 hp)
"BMW 118 
i M Sport LED Tempomat Shz PDC","€ 26,330.-","9,800 km",Manual,Gasoline,103 kW (140 hp)
"BMW 118 
i M Sportpaket Navi Sitzhzg PDC LED Tempomat","€ 25,950.-","9,389 km",Manual,Gasoline,103 kW (140 hp)
"BMW 118 
i M Sportpaket LED WLAN Navi Tempomat BT SHZ","€ 23,900.-","17,300 km",Manual,Gasoline,103 kW (140 hp)
"BMW 118 
i Advantage DAB LED WLAN Tempomat Klimaaut.","€ 27,690.-","25,236 km",Manual,Gasoline,100 kW (136 hp)
"BMW 116 
i Advantage / 5-türig","€ 26,890.-",10 km,Manual,Gasoline,80 kW (109 hp)
"BMW 118 
i Sport Line|Navi|DAB|WLAN|Komfortzugang|","€ 25,490.-","14,200 km",Manual,Gasoline,100 kW (136 hp)
"BMW 116 
116i Advantage LED+NAVI+TEMP+SITZHZ+PDC+LIVE-Cock","€ 26,500.-","8,000 km",Manual,Gasoline,80 kW (109 hp)
"BMW 118 
118 i Advantage Leder LED Business 1.Hd","€ 22,490.-","24,390 km",Manual,Gasoline,103 kW (140 hp)
"BMW 118 
i Advantage EU6d LED Navi Keyless PDCv+h LED-hinte","€ 28,990.-","8,500 km",Manual,Gasoline,100 kW (136 hp)
"BMW 118 
i Klima, LED, 3 Jahre/ 200.000 Gewährleistung","€ 27,390.-",- km,Manual,Gasoline,100 kW (136 hp)
"BMW 118 
i Advantage AHK, Komfortzugang, Rückfahrkam.","€ 28,960.-","5,827 km",Manual,Gasoline,100 kW (136 hp)
"BMW 118 
i 5-Türer/ AHK/Lenkradheiz./LED/Komfortzugang","€ 24,400.-","9,700 km",Manual,Gasoline,100 kW (136 hp)
"BMW 118 
i Advantage DAB LED WLAN Tempomat Klimaaut.","€ 27,890.-","23,764 km",Manual,Gasoline,100 kW (136 hp)
"BMW 118 
118i M Sport+NUR-9.000-KM+LED-SW+DAB+1-HAND+EU6+","€ 26,990.-","9,600 km",Manual,Gasoline,103 kW (140 hp)
"BMW 118 
i M Sportpaket Panorama HUD LED DAB Leder","€ 27,990.-","12,996 km",Manual,Gasoline,103 kW (140 hp)
"BMW 118 
i Advantage, LED, Live Cockpit Profess., PDC","€ 25,800.-","6,900 km",Manual,Gasoline,100 kW (136 hp)
"BMW 118 
i Advantage DAB LED WLAN Tempomat AHK Shz","€ 25,880.-","8,796 km",Manual,Gasoline,100 kW (136 hp)
"BMW 118 
i M Sport PDC LED Navi HiFi","€ 28,990.-","11,100 km",Manual,Gasoline,103 kW (140 hp)
"BMW 118 
i M Sport LivProf HuD LED H/K","€ 28,450.-","12,524 km",Manual,Gasoline,103 kW (140 hp)
"BMW 118 
i SPORT LINE *1.HAND*NAVI*PDC*LM 17''*","€ 28,750.-","11,000 km",Manual,Gasoline,100 kW (136 hp)
"BMW 118 
i Advantage LED WLAN Tempomat Parkassistent","€ 24,980.-","13,979 km",Manual,Gasoline,103 kW (140 hp)
"BMW 118 
i Sport Line Navi+LED+DAB+Wireless+SHZ WLAN","€ 25,220.-","13,867 km",Manual,Gasoline,103 kW (140 hp)
"BMW 118 
i Advantage EU6d AHK-abnehmbar AHK Navi digi","€ 26,450.-","13,000 km",Manual,Gasoline,100 kW (136 hp)
"BMW 118 
i M Sport,LED,Navi,Wireless,HiFi,17""LM,PDC","€ 25,980.-","20,930 km",Manual,Gasoline,103 kW (140 hp)
"BMW 118 
118i Advantage Navi Prof LED DAB Ambienes Licht","€ 22,780.-","24,300 km",Manual,Gasoline,100 kW (136 hp)
"BMW 118 
i AHK LED PDC SHZ M Sport Tempomat AHK schw.","€ 26,080.-","11,926 km",Manual,Gasoline,103 kW (140 hp)
"BMW 118 
118i M Sport +NAVI+HEADUP+LEDER+LIVECOCKPIT+LED+","€ 26,590.-","24,160 km",Manual,Gasoline,103 kW (140 hp)
"BMW 118 
i Advantage DAB LED WLAN Tempomat Klimaaut.","€ 25,888.-","2,850 km",Manual,Gasoline,100 kW (136 hp)
"BMW 118 
i Navi+LED+DAB+PDC+SHZ+WLAN Advantage Shz","€ 25,690.-","9,154 km",Manual,Gasoline,100 kW (136 hp)
"BMW 118 
i Sport Line PDC SHZ KAMERA NAVI W-LAN LED","€ 25,590.-","10,239 km",Manual,Gasoline,103 kW (140 hp)
"BMW 118 
i Sport Line Klimaaut. Sportsitze PDC","€ 25,730.-","10,784 km",Manual,Gasoline,103 kW (140 hp)
"BMW 118 
i Sport Line HK/el.Sitze/RFK 2 JAHRE GARANTIE","€ 26,879.-","21,041 km",Manual,Gasoline,103 kW (140 hp)
"BMW 118 
i M Sport LC Plus LED HiFi WLAN Wireless.","€ 26,680.-","23,400 km",Manual,Gasoline,103 kW (140 hp)
"BMW 118 
i M Sportpaket Navi PDC HeadUp LED Sitzhzg.","€ 29,920.-","5,121 km",Manual,Gasoline,100 kW (136 hp)
"BMW 118 
i M Sport LED WLAN Pano.Dach Komfortzg. Shz","€ 25,990.-","19,209 km",Manual,Gasoline,103 kW (140 hp)
"BMW 118 
i M Sport HiFi DAB LED WLAN Komfortzg. Shz","€ 29,950.-","12,592 km",Manual,Gasoline,100 kW (136 hp)
"BMW 116 
i Advantage LED Navi PDC WLAN ALU Bluetooth","€ 28,900.-",0 km,Manual,Gasoline,80 kW (109 hp)
"BMW 116 
i Advantage LED+NAVI-LIVE+DAB+PDC+TEMP+SITZH+","€ 25,200.-","13,500 km",Manual,Gasoline,80 kW (109 hp)
"BMW 118 
i Sport Line+LED+Navi+DAB+Sportsitze+PDC+","€ 29,995.-","1,500 km",Manual,Gasoline,100 kW (136 hp)
"BMW 118 
i M Sport,LCPlus,LED,PDCv+h,DAB,HIFI,Shz.","€ 23,799.-","24,409 km",Manual,Gasoline,103 kW (140 hp)
"BMW 118 
i Limo. Sitzhz LED PDC AG+ DAB NP:40.000€","€ 24,390.-","8,000 km",Manual,Gasoline,100 kW (136 hp)
"BMW 118 
i Sport Line Navi LED Tempomat PDC Shz WLAN","€ 25,900.-","23,500 km",Manual,Gasoline,103 kW (140 hp)
"BMW 118 
i Advantage Head-Up DAB LED WLAN Tempomat","€ 26,890.-","9,570 km",Manual,Gasoline,100 kW (136 hp)
"BMW 118 
i *9tkm* Navi Tempomat LED Sitzheizung","€ 27,880.-","9,400 km",Manual,Gasoline,100 kW (136 hp)
"BMW 118 
Baureihe 1 Lim. 118 i Advantage Navi,PDC,USB","€ 24,950.-","24,800 km",Manual,Gasoline,103 kW (140 hp)
"BMW 118 
i M Sport DAB+Business+Comfortpaket","€ 25,734.-","17,855 km",Manual,Gasoline,103 kW (140 hp)
"BMW 118 
i 5-Türer Luxury Line LED Hifi Komfortzugang","€ 25,559.-","25,358 km",Manual,Gasoline,100 kW (136 hp)
"BMW 118 
i ADVANTAGE, Touchscreen, Servolenkung, Regensenso","€ 28,990.-","18,497 km",Manual,Gasoline,100 kW (136 hp)
"BMW 118 
i 5-Türer M Sport LED DAB PDC Sitzheizung","€ 25,650.-","23,999 km",Manual,Gasoline,103 kW (140 hp)
"BMW 118 
i Lim. Tempomat Navi LED Sitzh bhz Lenkr 2-Z","€ 22,980.-","6,400 km",Manual,Gasoline,100 kW (136 hp)
"BMW 118 
i LED SHZ M Sport WLAN Tempomat Shz","€ 26,180.-","15,418 km",Manual,Gasoline,103 kW (140 hp)
"BMW 118 
i SportLine LCProf HiFi LED LenkradHZG SitzHZG Kom","€ 26,333.-","10,938 km",Manual,Gasoline,100 kW (136 hp)
"BMW 118 
i M Sport*M Sportsitze*Kamera*LC.Prof.*DAB*","€ 29,666.-","8,100 km",Manual,Gasoline,100 kW (136 hp)
"BMW 118 
118i M Sport +LED-SW+PDC+SHZ+ALARM+DAB+TEMPO+1HD","€ 24,990.-","22,130 km",Manual,Gasoline,103 kW (140 hp)
"BMW 118 
i Advantage DAB LED WLAN Tempomat Klima Shz","€ 27,900.-",0 km,Manual,Gasoline,100 kW (136 hp)
"BMW 118 
i M Sport DAB LED WLAN Tempomat Klimaaut.","€ 25,430.-","19,950 km",Manual,Gasoline,103 kW (140 hp)
"BMW 118 
i M Sport LiveProf.HUD HiFi DrivAss.Sitzh.18""","€ 25,830.-","26,004 km",Manual,Gasoline,103 kW (140 hp)
"BMW 118 
i Advantage +Live CP Plus +LED +PDC+SHZ +LM18","€ 28,990.-","6,534 km",Manual,Gasoline,103 kW (140 hp)
"BMW 118 
i Advantage, Live Cockpit Prof., ad. LED, PDC","€ 27,700.-","8,100 km",Manual,Gasoline,100 kW (136 hp)
"BMW 118 
i M Paket 8-fach bereift, Pano-Dach, Garantie bis","€ 28,888.-","13,337 km",Manual,Gasoline,100 kW (136 hp)
"BMW 118 
i Advantage DAB LED WLAN Tempomat Klima Shz","€ 27,900.-",0 km,Manual,Gasoline,100 kW (136 hp)
"BMW 118 
i M Sport DAB+Business+Comfortpaket","€ 25,734.-","17,855 km",Manual,Gasoline,103 kW (140 hp)
"BMW 118 
i *DAB *16"" *Klima *Lederlenkrad *Freispr. * Navi","€ 27,990.-",0 km,Manual,Gasoline,100 kW (136 hp)
"BMW 118 
i Advantage Navi R-Kamera","€ 24,930.-","12,878 km",Manual,Gasoline,103 kW (140 hp)
"BMW 118 
i M Sport LED.Hifi.PDC.Tempomat.SH.Lordose.","€ 25,220.-","21,177 km",Manual,Gasoline,103 kW (140 hp)
"BMW 118 
118i M Sport Navi Groß,Kamera,NP:41.900","€ 28,990.-","6,900 km",Manual,Gasoline,100 kW (136 hp)
"BMW 118 
i Advantage PDC SHZ NAVI W-LAN LED HUD","€ 23,590.-","20,438 km",Manual,Gasoline,100 kW (136 hp)
"BMW 118 
i Sport Line*Navi*LED*Live Cockpit*17""* Sport Line","€ 25,890.-","10,800 km",Manual,Gasoline,100 kW (136 hp)
"BMW 118 
i Advantage DAB LED WLAN Komfortzg. Tempomat","€ 23,490.-","4,816 km",Manual,Gasoline,100 kW (136 hp)
"BMW 118 
i M Sport DAB LED Tempomat Shz PDC","€ 25,780.-","21,145 km",Manual,Gasoline,103 kW (140 hp)
"BMW 118 
i 5-Türer Advantage","€ 25,770.-","21,814 km",Manual,Gasoline,100 kW (136 hp)
"BMW 118 
i Sport Line Shadow LiveCoProf 17"" 1.Hand BMW","€ 27,950.-","17,350 km",Manual,Gasoline,100 kW (136 hp)
"BMW 118 
i M Sport LiveCockpit LED DAB HiFi","€ 27,340.-","10,400 km",Manual,Gasoline,100 kW (136 hp)
"BMW 118 
i Advantage Lenkradheizung","€ 26,340.-","26,081 km",Manual,Gasoline,103 kW (140 hp)
"BMW 118 
i F40 Sport Line *LED*Navi*PDC*Sportsitze","€ 21,949.-","22,577 km",Manual,Gasoline,103 kW (140 hp)
"BMW 118 
i Advantage Lim. (F40)","€ 25,470.-","23,513 km",Manual,Gasoline,103 kW (140 hp)
"BMW 118 
i Advantage Tempomat/LiveCockpit/PDC/SHZ Tempomat/","€ 26,330.-","14,796 km",Manual,Gasoline,103 kW (140 hp)
"BMW 118 
i Luxury Line Head-Up DAB LED WLAN Pano.Dach","€ 25,888.-","11,635 km",Manual,Gasoline,100 kW (136 hp)
"BMW 118 
i Advantage Navi LED Navi Tempomat PDC Sitzhz","€ 24,420.-","14,568 km",Manual,Gasoline,100 kW (136 hp)
"BMW 118 
i Advantage LED~KAMERA~NAVI~SHZ~TEMPOMAT~HIFI","€ 27,900.-","3,500 km",Manual,Gasoline,100 kW (136 hp)
"BMW 118 
i Advantage DAB LED WLAN Tempomat Klimaaut.","€ 24,490.-","20,997 km",Manual,Gasoline,100 kW (136 hp)
"BMW 118 
i Advantage Lim. (F40)","€ 25,900.-","9,700 km",Manual,Gasoline,100 kW (136 hp)
"BMW 118 
i Sport Line Lim. (F40)","€ 25,900.-","12,500 km",Manual,Gasoline,100 kW (136 hp)
"BMW 118 
i *13tkm* PanoDach Navi Tempomat Advantage","€ 24,960.-","13,800 km",Manual,Gasoline,103 kW (140 hp)
"BMW 118 
118i M Sport 1. Hand Unfallfrei Topzustand","€ 25,980.-","22,800 km",Manual,Gasoline,103 kW (140 hp)
"BMW 118 
i Lim. AHK Sitzh elHeckkl. Tempomat 2-Z DAB","€ 24,690.-","12,200 km",Manual,Gasoline,100 kW (136 hp)
"BMW 118 
i ADVANTAGE LED PDC DAB LC PLUS WLAN GRA Shz","€ 24,790.-","17,000 km",Manual,Gasoline,103 kW (140 hp)
"BMW 118 
i Advantage KLIMAAUTOMATIK PDC SITZHEIZUNG","€ 23,890.-","19,177 km",Manual,Gasoline,103 kW (140 hp)
"BMW 118 
Edition M Sport Shadow Navi,LED,PDC,HiFi,Tempomat","€ 20,898.-","23,830 km",Manual,Gasoline,100 kW (136 hp)
"BMW 116 
Baureihe 1 Lim. 116 i Advantage","€ 25,995.-","7,880 km",Manual,Gasoline,80 kW (109 hp)
"BMW 118 
i 17"" M Sport LCProf RFK DAB HiFi SHZ LED","€ 27,949.-","14,506 km",Manual,Gasoline,103 kW (140 hp)
"BMW 116 
i Navi Bluetooth - frei konfigurierbar","€ 26,379.-",0 km,Manual,Gasoline,80 kW (109 hp)
"BMW 116 
i Hatch Advantage HiFi DAB LED WLAN Tempomat","€ 23,490.-","11,170 km",Manual,Gasoline,80 kW (109 hp)
"BMW 118 
i Advantage *DAB*LED*WLAN*Tempomat*Klimaaut.*Live","€ 26,940.-","19,622 km",Manual,Gasoline,100 kW (136 hp)
"BMW 118 
i Sport Line,LCPlus,LED,DAB,PDCv+h,Shz.WireCh","€ 24,399.-","27,640 km",Manual,Gasoline,103 kW (140 hp)
"BMW 118 
i Advantage*E6*Garantie*Navi Prof*LED","€ 23,999.-","10,900 km",Manual,Gasoline,100 kW (136 hp)
"BMW 118 
118i Sport Line +LED-SW+PDC+SHZ+DAB+ALARM+1HD+E6","€ 23,250.-","26,900 km",Manual,Gasoline,103 kW (140 hp)
"BMW 118 
i Lim. AHK Navi KZU 2-Z Tempomat LED Sitzh","€ 23,690.-","15,000 km",Manual,Gasoline,100 kW (136 hp)
"BMW 116 
i Metropolitan / LED / Navi / DAB / AHK","€ 19,680.-","23,717 km",Manual,Gasoline,80 kW (109 hp)
"BMW 118 
i Navi LiveCockpitProf HUD SitzHZG DAB Tempo Alarm","€ 23,999.-","25,936 km",Manual,Gasoline,100 kW (136 hp)
"BMW 118 
i 5-Türer SportLine ComfortPaket NP 35.800,-","€ 24,700.-","13,000 km",Manual,Gasoline,100 kW (136 hp)
"BMW 118 
118i Sport Line+NAVI+LED-SW+PDC+ALARM+DAB+1HD+E6","€ 25,250.-","18,500 km",Manual,Gasoline,100 kW (136 hp)
"BMW 118 
i Sport Line,Navi,DAB,LED,Tempo,PDC,17""LM","€ 24,949.-","12,712 km",Manual,Gasoline,100 kW (136 hp)
"BMW 118 
118i M Sport +LED-SW+PDC+SHZ+ALARM+DAB+TEMPO+1HD","€ 24,990.-","26,788 km",Manual,Gasoline,103 kW (140 hp)
"BMW 118 
118i Advantage,Navi, PDC, Comfort Paket, +Winterr.","€ 23,900.-","8,700 km",Manual,Gasoline,100 kW (136 hp)
"BMW 118 
i / LUXURY LINE / HIFI / LED / SHZ","€ 24,990.-","28,197 km",Manual,Gasoline,103 kW (140 hp)
"BMW 118 
i SportLine/Navi Plus/Sports.el/DAB/Alu 17J","€ 25,790.-","24,000 km",Manual,Gasoline,100 kW (136 hp)
"BMW 118 
i Advantage+LED+23.000KM+Navi+SHZ+1.Hand","€ 24,890.-","23,000 km",Manual,Gasoline,103 kW (140 hp)
"BMW 116 
Lim. 1er 116i Sport Line Xenon Nur 27.900 km","€ 16,950.-","27,900 km",Manual,Gasoline,100 kW (136 hp)
"BMW 118 
i 5-Türer Luxury Line LED Head Up Glasdach","€ 26,899.-","28,455 km",Manual,Gasoline,103 kW (140 hp)
"BMW 118 
i Shz Navi Temp Rfk 2xPDC LED NP:39.000€","€ 23,790.-","9,000 km",Manual,Gasoline,100 kW (136 hp)
"BMW 118 
i Sport Line Panoramadach HIFI Metallic","€ 25,860.-","27,288 km",Manual,Gasoline,103 kW (140 hp)
"BMW 118 
118i Advantage Navi Prof LED DAB Ambienes Licht","€ 22,980.-","11,900 km",Manual,Gasoline,100 kW (136 hp)
"BMW 118 
i digitales Cockpit Scheinwerferreg. Sperrdiff. Fa","€ 22,999.-","1,378 km",Manual,Gasoline,103 kW (140 hp)
"BMW 118 
i Limousine Sport Line Navi LED Bluetooth PDC","€ 23,990.-","26,721 km",Manual,Gasoline,103 kW (140 hp)
"BMW 118 
i","€ 21,650.-","28,105 km",Manual,Gasoline,103 kW (140 hp)
"BMW 118 
i Advantage DAB LED WLAN Tempomat AHK Shz","€ 25,690.-","18,633 km",Manual,Gasoline,100 kW (136 hp)
"BMW 118 
i 5-trg. Advantage LiveCockp.LED.AHK.Klimaaut","€ 25,680.-","11,552 km",Manual,Gasoline,100 kW (136 hp)
"BMW 116 
i Advantage 16"" LCProf LED PDC DAB AGP Tempom","€ 26,390.-","12,500 km",Manual,Gasoline,80 kW (109 hp)
"BMW 118 
i M Sport Navi LED Sitzh.Temp. Bluet. PDC 18""","€ 20,840.-","21,386 km",Manual,Gasoline,100 kW (136 hp)
"BMW 118 
i Advantage HiFi LED WLAN Komfortzg. Shz PDC","€ 24,490.-","27,800 km",Manual,Gasoline,103 kW (140 hp)
"BMW 118 
i 5-Türer/ AHK/LED/Sitzheiz/Navi/16""LM-Räder","€ 24,300.-","19,300 km",Manual,Gasoline,100 kW (136 hp)
"BMW 118 
i SPORT LINE+LED+AHK+NAVI+17""+HUD+LIVECOCKPIT PLUS","€ 24,880.-","28,490 km",Manual,Gasoline,103 kW (140 hp)
"BMW 118 
i SPORT-LINE +NAVI+LED+SHZ+PDC+MFL+DAB+HIFI+","€ 27,700.-","17,900 km",Manual,Gasoline,100 kW (136 hp)
"BMW 118 
i Advantage Navi Bluetooth PDC MP3 Schn. Klim","€ 21,990.-","6,487 km",Manual,Gasoline,103 kW (140 hp)
"BMW 118 
i Aut. Lim. M Sport Navi.LED.WirelessCharging","€ 24,689.-","22,990 km",Manual,Gasoline,103 kW (140 hp)
"BMW 118 
i Advantage Head-Up DAB LED WLAN Tempomat","€ 27,480.-","11,785 km",Manual,Gasoline,100 kW (136 hp)
"BMW 116 
i Lim. Navi LED Tempomat Sitzh el.Heckkl 2-Z","€ 21,250.-","10,200 km",Manual,Gasoline,80 kW (109 hp)
"BMW 118 
i+Navi+Temp+SHZ+digitales Cockpit+USB+PDCv+h","€ 23,930.-","9,800 km",Manual,Gasoline,103 kW (140 hp)
"BMW 118 
i Advantage PDC Sitzhzg. Vorn Lederlenkrad","€ 21,830.-","27,096 km",Manual,Gasoline,103 kW (140 hp)
"BMW 118 
i PDC Klimaautomatik Comfort SHZ Tempomat","€ 21,999.-","27,006 km",Manual,Gasoline,103 kW (140 hp)
"BMW 118 
i Advantage LiveCockpit+LED+SHZ+Comfort Paket","€ 24,832.-","13,300 km",Manual,Gasoline,100 kW (136 hp)
"BMW 118 
i Advantage PDC+GBA+Sitzhzg.+Lederlenkrad","€ 23,850.-","6,671 km",Manual,Gasoline,103 kW (140 hp)
"BMW 118 
i Advantage Lim. (F40)","€ 25,490.-","14,406 km",Manual,Gasoline,103 kW (140 hp)
"BMW 118 
i *LIVE COCKPIT*LED*NAVI*PANORAMADACH*SHZ*","€ 26,900.-","19,500 km",Manual,Gasoline,100 kW (136 hp)
"BMW 118 
i M-Sport.*Panoramadach*Live Cockpit Plus*17""*LED","€ 28,990.-","22,764 km",Manual,Gasoline,103 kW (140 hp)
"BMW 118 
118i Advantage*NAVI*LED*HEAD-UP*","€ 21,160.-","25,008 km",Manual,Gasoline,103 kW (140 hp)
"BMW 118 
Lim. Advantage*NAVI*FSPE*DAB*TEMP*PDC*LED*","€ 22,280.-","15,950 km",Manual,Gasoline,103 kW (140 hp)
"BMW 118 
i 1.Hand DigiCockpit Sitzheizung Spurhalteass","€ 24,400.-","21,800 km",Manual,Gasoline,100 kW (136 hp)
"BMW 118 
i Sport Line Lim. (F40)","€ 27,700.-","12,500 km",Manual,Gasoline,100 kW (136 hp)
"BMW 118 
i Lim SnapperRocks Pano Navi PDC Tempomat LED","€ 25,490.-","3,700 km",Manual,Gasoline,100 kW (136 hp)
"BMW 118 
i Sport Line DAB LED WLAN Komfortzg. AHK PDC","€ 27,890.-","25,392 km",Manual,Gasoline,100 kW (136 hp)
"BMW 118 
i Advantage LC Plus LED DAB Wireless Charge","€ 24,080.-","11,600 km",Manual,Gasoline,103 kW (140 hp)
"BMW 118 
i Advantage,Tempo,PDC,SHZ,Sportsitz,16""LM","€ 23,790.-","4,680 km",Manual,Gasoline,103 kW (140 hp)
"BMW 118 
i 5-trg.(F40) Klima.PDC.DAB.SHZ.RDA.MFL.","€ 21,490.-","22,694 km",Manual,Gasoline,100 kW (136 hp)
"BMW 118 
i BMW Live Cockpit+LED+DAB+SHZ Advantage Shz","€ 23,740.-","12,907 km",Manual,Gasoline,100 kW (136 hp)
"BMW 118 
i WINTERREIFEN! Tempomat Sitzheizung DAB Shz","€ 22,980.-","21,350 km",Manual,Gasoline,103 kW (140 hp)
"BMW 118 
i Advantage Navi Bluetooth PDC","€ 22,930.-","20,471 km",Manual,Gasoline,103 kW (140 hp)
"BMW 116 
i | Navi Klima Sitzhzg.","€ 25,990.-","9,900 km",Manual,Gasoline,80 kW (109 hp)
"BMW 118 
i Advantage,LCProf,LED,PDCv+h,Shz,DAB,M-Lenk.","€ 23,849.-","14,627 km",Manual,Gasoline,103 kW (140 hp)
"BMW 118 
i LED SHZ PDC M Sport DAB Tempomat Shz","€ 24,890.-","28,299 km",Manual,Gasoline,103 kW (140 hp)
"BMW 118 
i Klima Sitzh.MultifunkLenkr.DAB ActGuard+18""","€ 21,690.-","21,924 km",Manual,Gasoline,100 kW (136 hp)
"BMW 118 
i Sport Line Navi Klimaautomatik Sitzheizung","€ 23,860.-","15,543 km",Manual,Gasoline,103 kW (140 hp)
"BMW 118 
i Limousine PDCvo+hi.Klimaautomatik.Wireless","€ 22,440.-","24,313 km",Manual,Gasoline,103 kW (140 hp)
"BMW 118 
i 5-Türer [Advantage, Pano, LC+, LED, PDC]","€ 24,490.-","26,100 km",Manual,Gasoline,103 kW (140 hp)
"BMW 118 
i Advantage*LED*Garantie*Navi Prof*E6","€ 24,999.-","8,800 km",Manual,Gasoline,100 kW (136 hp)
"BMW 118 
i Advantage wenig KM! NEU bei BMW Hofmann","€ 22,890.-","10,699 km",Manual,Gasoline,103 kW (140 hp)
"BMW 118 
1 118i M Sport Aerodynamik-Paket Navi LiveCock","€ 23,740.-","29,701 km",Manual,Gasoline,103 kW (140 hp)
"BMW 118 
i Advantage Navi Prof. Klimaaut. Bluetooth PD","€ 22,860.-","24,011 km",Manual,Gasoline,103 kW (140 hp)
"BMW 118 
i Sport Line | Navi LED Sitzheizung PDC HiFi","€ 23,990.-","17,424 km",Manual,Gasoline,103 kW (140 hp)
"BMW 118 
1 Lim. 118 i Advantage,Klimaa,HIFI,NavigationBui","€ 21,100.-","11,300 km",Manual,Gasoline,103 kW (140 hp)
"BMW 118 
i Live Cockpit Plus Klimaautomatik Head-Up PD","€ 23,930.-","28,286 km",Manual,Gasoline,103 kW (140 hp)
"BMW 118 
i Advantage |1.Hand|Live Cockpit|LED|Garantie","€ 19,990.-","30,000 km",Manual,Gasoline,103 kW (140 hp)
"BMW 118 
i 5-Türer Navi digitales Cockpit Soundsystem LED S","€ 22,899.-","15,913 km",Manual,Gasoline,103 kW (140 hp)
"BMW 118 
i Bestellaktion","€ 26,679.-",5 km,Manual,Gasoline,100 kW (136 hp)
"BMW 118 
i LCProf HUD LED DAB PDC Alarm SHZ Wireless","€ 22,999.-","17,121 km",Manual,Gasoline,100 kW (136 hp)
"BMW 118 
i Advantage+PDC+SZH+Live-Cockpit+WLAN+LM+","€ 20,988.-","22,549 km",Manual,Gasoline,103 kW (140 hp)
"BMW 118 
i Advantage LED WLAN Tempomat Klimaaut. Shz","€ 21,980.-","24,850 km",Manual,Gasoline,103 kW (140 hp)
"BMW 116 
i 5-Türer Advantage Navi LED LiveCockpitProf","€ 24,340.-","3,600 km",Manual,Gasoline,80 kW (109 hp)
"BMW 118 
i Advantage Sportsitze SHZ PDC Comfortp. ASP-Paket","€ 21,777.-","25,000 km",Manual,Gasoline,103 kW (140 hp)
"BMW 118 
i 5-Türer Advantage wenig KM! PDC DAB SH ALU","€ 21,240.-","24,350 km",Manual,Gasoline,103 kW (140 hp)
"BMW 118 
i Sport Line,LCPlus,LED,Shz,PDCv+h,WirelessCh","€ 22,799.-","23,600 km",Manual,Gasoline,103 kW (140 hp)
"BMW 118 
i Lim. Luxury Line+HUD+LIVE PROF.+LED+PDC","€ 27,390.-","18,000 km",Manual,Gasoline,100 kW (136 hp)
"BMW 118 
i Advantage Navi Bluetooth PDC MP3 Schn.","€ 22,990.-","20,996 km",Manual,Gasoline,103 kW (140 hp)
"BMW 118 
i M-SPORTPAKET *5300 KM* I.HAND *RENTNER*","€ 15,990.-","5,300 km",Manual,Gasoline,105 kW (143 hp)
"BMW 118 
i Luxury-Line*Indiv.Leder*Navi*AHK*LED*Sportsitze*","€ 29,950.-","17,300 km",Manual,Gasoline,100 kW (136 hp)
"BMW 118 
i LED Navi HiFi SHZ Klimaauto PDC Advantage","€ 19,245.-","29,900 km",Manual,Gasoline,103 kW (140 hp)
"BMW 118 
i Advantage Navi Bluetooth PDC MP3 Schn. Klima","€ 23,840.-","12,564 km",Manual,Gasoline,103 kW (140 hp)
"BMW 118 
i Sport Line LED/AppCon/17 Zoll","€ 22,950.-","25,990 km",Manual,Gasoline,103 kW (140 hp)
"BMW 118 
i Sport Line LED WLAN Tempomat Klimaaut. Shz","€ 23,439.-","24,900 km",Manual,Gasoline,103 kW (140 hp)
"BMW 118 
i PDC HIFI Lederlenkrad MF Lenkrad","€ 23,840.-","22,150 km",Manual,Gasoline,103 kW (140 hp)
"BMW 118 
i PDC/DAB+/Bluetooth/SHZ PDC/DAB+/Bluetooth/SHZ","€ 19,727.-","24,548 km",Manual,Gasoline,103 kW (140 hp)
